var[0], var[1], fitness
0.050660, 2.087934, 0.477764, 
2.815595, 4.629213, 0.025311, 
5.088579, 9.175379, 0.034561, 
0.053101, 11.092330, 0.021992, 
0.404669, 2.087934, 0.451801, 
0.128786, 2.087934, 0.477445, 
1.691310, 2.017587, 0.363078, 
0.326543, 2.087934, 0.466411, 
20.140078, 11.294577, 0.006730, 
2.822919, 4.391793, 0.126912, 
